strategy,family,combos,tickers,median_oos_cagr,pct_positive_oos,median_oos_sharpe,median_oos_win_rate,median_oos_maxdd,pct_beat_bh_oos
pct_below_ma,mean_reversion,4464,372,0.026278898696971753,0.6359767025089605,0.2932112003905885,0.5763403263403264,-0.30178131935204106,0.2860663082437276
rsi_reversion,mean_reversion,8928,372,0.03587617121242448,0.6004704301075269,0.28168650964235054,0.6,-0.40861176666859683,0.28237007168458783
ma_crossover,momentum,17856,372,0.015235947201469924,0.5567316308243727,0.2012554815522786,0.3333333333333333,-0.3577372485809585,0.25162410394265233
roc_momentum,momentum,4464,372,0.009966605064499201,0.5331541218637993,0.19312094776910965,0.35714285714285715,-0.4142500088066582,0.2663530465949821
macd_momentum,momentum,2232,372,0.009921110494950702,0.5327060931899642,0.19229669623619156,0.42857142857142855,-0.4295845924752311,0.22939068100358423
sr_support_uptrend,support_resistance,4464,372,0.00807822514016654,0.5232974910394266,0.1863265017920035,0.3333333333333333,-0.32891026816309415,0.2589605734767025
rsi_bb_confluence,composite,4464,372,0.0063828976957118755,0.5649641577060932,0.1706759229985724,0.6666666666666666,-0.13685740679106884,0.2762096774193548
bb_reversion,mean_reversion,4464,372,0.011891018583101598,0.5642921146953405,0.1687200313567433,0.6363636363636364,-0.2987552544601224,0.28293010752688175
zscore_reversion,mean_reversion,4464,372,0.011891018583101598,0.5642921146953405,0.1687200313567433,0.6363636363636364,-0.2987552544601224,0.28293010752688175
nbar_high_confirmed,breakout,2232,372,0.007400601255062367,0.5188172043010753,0.16302276205650795,0.3793103448275862,-0.38107170477070396,0.24238351254480286
turtle_breakout,price_action,4464,372,0.007247288324407464,0.521505376344086,0.16085998409005303,0.38095238095238093,-0.3811237608666995,0.2452956989247312
high_52w_breakout,breakout,2232,372,0.00024334561625360962,0.49955197132616486,0.15739698849955014,0.4,-0.2786052858469114,0.25627240143369173
donchian_breakout_vol,breakout,4464,372,0.00617250240703715,0.519489247311828,0.1551111216913792,0.4,-0.342506254422974,0.2567204301075269
sr_breakout,support_resistance,4464,372,0.00598960977755969,0.5224014336917563,0.1399090845133717,0.38461538461538464,-0.3300637864783199,0.2567204301075269
support_bounce,price_action,4464,372,0.006964210487808042,0.5356182795698925,0.13556289473177519,0.6666666666666666,-0.3038552532585938,0.25985663082437277
sr_support_bounce,support_resistance,8928,372,0.003563555680215824,0.5125448028673835,0.12916316928770524,0.5,-0.36013698011670287,0.24305555555555555
pullback_uptrend,price_action,4464,372,0.003054098127626137,0.5138888888888888,0.1181905907595326,0.6153846153846154,-0.29934325343269413,0.24484767025089607
adx_trend,momentum,4464,372,0.001351032527266316,0.507168458781362,0.11656132056552439,0.4,-0.2397096773674499,0.2670250896057348
triple_confluence_breakout,composite,4464,372,0.0,0.478494623655914,0.08867242545727419,0.3888888888888889,-0.30489585575194034,0.25268817204301075
atr_channel_breakout,breakout,4464,372,-0.01152749159488603,0.45945340501792115,0.06533043756285542,0.37037037037037035,-0.34941602964970153,0.2399193548387097
rsi_macd_confluence,composite,4464,372,0.0,0.43862007168458783,0.03748810849411072,0.5,-0.07120668925702778,0.26411290322580644
bb_breakout_vol,breakout,2232,372,-0.010435925795638346,0.4265232974910394,0.023225218155588125,0.35714285714285715,-0.28182073147563025,0.2513440860215054
bb_squeeze_breakout,composite,2232,372,-0.0020867603483990527,0.44265232974910396,0.008950143169336712,0.3416666666666667,-0.17833751258337593,0.26299283154121866
gap_up_go,price_action,4464,372,-0.006706018638396538,0.4428763440860215,-0.016674905290006984,0.3684210526315789,-0.20893502846554457,0.25739247311827956
rsi2_pullback,mean_reversion,8928,372,-0.01370289239247735,0.41117831541218636,-0.02218707793879964,0.6363636363636364,-0.28229071329719035,0.2367831541218638
